{
  "r2_test": 0.9613455379564385,
  "mae_test": 0.07135616644832743,
  "rmse_test": 0.1232366819724713,
  "mdae_test": 0.04627538446336982,
  "max_err_test": 1.7521368926325036,
  "pearson_r_test": 0.980716936103744,
  "spearman_rho_test": 0.9818795475828607,
  "smape_test": 0.27772320327394256,
  "mae_meV_test": 71.35616644832743,
  "frac_chem_acc_test": 0.4709897610921502,
  "n_features": 512,
  "elapsed_sec": 1.53
}