{
  "r2_test": 0.9574355773853367,
  "mae_test": 0.06882957908016575,
  "rmse_test": 0.1293193620052206,
  "mdae_test": 0.046344507951289415,
  "max_err_test": 1.73763906955719,
  "pearson_r_test": 0.9785241922358834,
  "spearman_rho_test": 0.9830313545076771,
  "smape_test": 0.24601990385296044,
  "mae_meV_test": 68.82957908016576,
  "frac_chem_acc_test": 0.47525597269624575,
  "n_params": 328193,
  "vram_peak_gb": 0.904,
  "best_ckpt": "/home/mauricio/repositorios/her-gnn/logs/checkpoints/mace_ft_stageA_v2_seed2/epoch=198-step=52536.ckpt",
  "elapsed_sec": 2574.26
}