{
  "r2_test": 0.9734343567186358,
  "mae_test": 0.058522546837053095,
  "rmse_test": 0.10216457870206896,
  "mdae_test": 0.03843085169792182,
  "max_err_test": 1.58207266330719,
  "pearson_r_test": 0.986733958811062,
  "spearman_rho_test": 0.9884044253360604,
  "smape_test": 0.22583016116131907,
  "mae_meV_test": 58.52254683705309,
  "frac_chem_acc_test": 0.5418088737201365,
  "best_ensemble": "schnet_ens5",
  "stagea_ens5_r2_test": 0.9584242444779001,
  "schnet_ens5_r2_test": 0.9734343567186358,
  "stagea_ens5+etr_emb_r2_test": 0.9614334402740882,
  "stagea_ens5+schnet_ens5+etr_emb_r2_test": 0.9710294495675519,
  "elapsed_sec": 1.76
}