{
  "r2_test": 0.9561767150741817,
  "mae_test": 0.07198186543936612,
  "rmse_test": 0.1312177674367822,
  "mdae_test": 0.05181701481342316,
  "max_err_test": 1.77523672580719,
  "pearson_r_test": 0.9781095101448781,
  "spearman_rho_test": 0.9826286391503157,
  "smape_test": 0.2617987655727927,
  "mae_meV_test": 71.98186543936612,
  "frac_chem_acc_test": 0.43430034129692835,
  "n_params": 328193,
  "vram_peak_gb": 0.907,
  "best_ckpt": "/home/mauricio/repositorios/her-gnn/logs/checkpoints/mace_ft_stageA_v2_seed3/epoch=176-step=46728.ckpt",
  "elapsed_sec": 2638.56
}