{
  "r2_test": 0.9092354687394455,
  "mae_test": 0.10879978919469512,
  "rmse_test": 0.18433993536372997,
  "mdae_test": 0.06267636927258718,
  "max_err_test": 1.9203521409446658,
  "pearson_r_test": 0.9536842181461304,
  "spearman_rho_test": 0.955780007486677,
  "smape_test": 0.38843004797627767,
  "mae_meV_test": 108.79978919469511,
  "frac_chem_acc_test": 0.3731211317418214,
  "elapsed_sec": 0.0
}