{
  "r2_test": 0.954230512424211,
  "mae_test": 0.07058422992490339,
  "rmse_test": 0.13090293138922338,
  "mdae_test": 0.04376351833343506,
  "max_err_test": 2.0399372577667236,
  "pearson_r_test": 0.9768918096761364,
  "spearman_rho_test": 0.9812587615671214,
  "smape_test": 0.2884707989281452,
  "mae_meV_test": 70.58422992490338,
  "frac_chem_acc_test": 0.4951370468611848,
  "n_params": 455809,
  "vram_peak_gb": 0.416,
  "best_ckpt": "/home/mauricio/repositorios/aether/logs/checkpoints/schnet_v2_comp_seed42/epoch=200-step=26934.ckpt",
  "elapsed_sec": 1625.87
}