{
  "r2_test": 0.959998369117937,
  "mae_test": 0.07674487200818929,
  "rmse_test": 0.12536578634749534,
  "mdae_test": 0.05010574283738002,
  "max_err_test": 1.6288147374941035,
  "pearson_r_test": 0.9803802868710815,
  "spearman_rho_test": 0.9806759541379211,
  "smape_test": 0.2959960398764916,
  "mae_meV_test": 76.74487200818929,
  "frac_chem_acc_test": 0.4522184300341297,
  "n_features": 77,
  "elapsed_sec": 1.83
}