{
  "r2_test": 0.9568434239086624,
  "mae_test": 0.07907863754234704,
  "rmse_test": 0.1302157962633536,
  "mdae_test": 0.0520628427194121,
  "max_err_test": 1.675863591277351,
  "pearson_r_test": 0.9786344278078289,
  "spearman_rho_test": 0.9792658282739027,
  "smape_test": 0.3002394253323205,
  "mae_meV_test": 79.07863754234704,
  "frac_chem_acc_test": 0.44283276450511944,
  "n_features": 38,
  "elapsed_sec": 1.21
}