{
  "r2_test": 0.9463994943850065,
  "mae_test": 0.08044907129861008,
  "rmse_test": 0.1416595279246847,
  "mdae_test": 0.05137974471785123,
  "max_err_test": 1.9520533188709264,
  "pearson_r_test": 0.9729947579855132,
  "spearman_rho_test": 0.9754797557382443,
  "smape_test": 0.3072761016891558,
  "mae_meV_test": 80.44907129861008,
  "frac_chem_acc_test": 0.4244031830238727,
  "elapsed_sec": 0.01
}