{
  "r2_test": 0.9397489914265567,
  "mae_test": 0.09564995001095586,
  "rmse_test": 0.15385879991965906,
  "mdae_test": 0.05696783309647194,
  "max_err_test": 1.678603022156749,
  "pearson_r_test": 0.9695467887849346,
  "spearman_rho_test": 0.9700787397114046,
  "smape_test": 0.3528123500676269,
  "mae_meV_test": 95.64995001095586,
  "frac_chem_acc_test": 0.40187713310580203,
  "n_features": 10,
  "elapsed_sec": 1.35
}