{
  "r2_test": 0.9561883096311379,
  "mae_test": 0.07984895285218854,
  "rmse_test": 0.13120040780107603,
  "mdae_test": 0.05126634841338579,
  "max_err_test": 1.6406438893980035,
  "pearson_r_test": 0.9782255878007426,
  "spearman_rho_test": 0.9785466434352295,
  "smape_test": 0.30275444573690913,
  "mae_meV_test": 79.84895285218855,
  "frac_chem_acc_test": 0.4445392491467577,
  "n_features": 26,
  "elapsed_sec": 1.28
}