{
  "r2_test": 0.961139089136409,
  "mae_test": 0.07250800150099236,
  "rmse_test": 0.12356533985432785,
  "mdae_test": 0.0479302489467793,
  "max_err_test": 1.7817770990372326,
  "pearson_r_test": 0.9806209311465561,
  "spearman_rho_test": 0.9818423513230273,
  "smape_test": 0.2801369657399971,
  "mae_meV_test": 72.50800150099236,
  "frac_chem_acc_test": 0.4616040955631399,
  "n_features": 100,
  "elapsed_sec": 1.23
}