{
  "r2_test": 0.9516583421702575,
  "mae_test": 0.08457040514812357,
  "rmse_test": 0.13781641551007126,
  "mdae_test": 0.055274145112683415,
  "max_err_test": 1.6400012684509986,
  "pearson_r_test": 0.9757849542828948,
  "spearman_rho_test": 0.976839737633535,
  "smape_test": 0.3196899992094045,
  "mae_meV_test": 84.57040514812357,
  "frac_chem_acc_test": 0.4206484641638225,
  "n_features": 20,
  "elapsed_sec": 1.22
}