{
  "r2_test": 0.9576844223614647,
  "mae_test": 0.07646676494672186,
  "rmse_test": 0.12894078708452397,
  "mdae_test": 0.04876828377522158,
  "max_err_test": 1.7292144131306704,
  "pearson_r_test": 0.9788386841028015,
  "spearman_rho_test": 0.9803647131292874,
  "smape_test": 0.2898423930373156,
  "mae_meV_test": 76.46676494672187,
  "frac_chem_acc_test": 0.45563139931740615,
  "n_features": 50,
  "elapsed_sec": 1.26
}