sid,formula,faceta,sitio,funcional,dE_dft,erro_medio,dmin_H_metal,altura_H,n_gemeos,amplitude_gemeos
UmVhY3Rpb246NDEzMQ==,C96HO36,monolayer,hollow,BEEF-vdW,-1.35433832152,2.3853755886126486,1.1022109241503508,1.0908711778374691,1,0.0
UmVhY3Rpb246MzU3MzA0,HCr6Mn6,101,top,BEEF-vdW,-1.6026117316568786,1.5468471208787855,1.6441777150712857,1.5853141778122293,2,0.06061648689865251
UmVhY3Rpb246MzUzMzc5,HFe6Rh6,101,hollow,BEEF-vdW,1.2591080110442192,1.1737301813529162,1.7905284871408391,0.9205803687238383,2,0.0011771643985412084
UmVhY3Rpb246MzU4Mjk3,HAg6Os6,101,hollow,BEEF-vdW,0.36979617604177406,0.6231709365871906,1.6623490286434937,0.9188246749776248,2,0.00019769069331232458
