{
  "dim": 512,
  "global_mean": 0.0010174112394452095,
  "global_std": 0.08769647032022476
}