{
  "r2_test": 0.9538946231158449,
  "mae_test": 0.0719241600667616,
  "rmse_test": 0.1345909840087558,
  "mdae_test": 0.048891812562942505,
  "max_err_test": 1.93881094455719,
  "pearson_r_test": 0.9769108749283247,
  "spearman_rho_test": 0.9816655911149269,
  "smape_test": 0.25599759391462346,
  "mae_meV_test": 71.9241600667616,
  "frac_chem_acc_test": 0.4377133105802048,
  "n_params": 328193,
  "vram_peak_gb": 0.968,
  "best_ckpt": "/home/mauricio/repositorios/her-gnn/logs/checkpoints/mace_ft_stageA_v2_seed42/epoch=166-step=44088.ckpt",
  "elapsed_sec": 2651.03
}