{
  "r2_test": 0.9340834376461232,
  "mae_test": 0.09550592906975339,
  "rmse_test": 0.16093016424164577,
  "mdae_test": 0.056435964635721314,
  "max_err_test": 1.6157084908566826,
  "pearson_r_test": 0.9667738905010343,
  "spearman_rho_test": 0.9690551120582797,
  "smape_test": 0.33342416073200604,
  "mae_meV_test": 95.50592906975339,
  "frac_chem_acc_test": 0.41552901023890787,
  "r2_train": 0.9987475188065177,
  "mae_train": 0.012345186229063889,
  "rmse_train": 0.021638328512219855,
  "mdae_train": 0.005635071909125461,
  "max_err_train": 0.18222776475499702,
  "pearson_r_train": 0.9993935760569902,
  "spearman_rho_train": 0.9992589501980572,
  "smape_train": 0.06952662163137134,
  "mae_meV_train": 12.345186229063888,
  "frac_chem_acc_train": 0.941339590443686,
  "n_params": null,
  "elapsed_sec": 357.54
}